    <eml:eml xmlns:eml="eml://ecoinformatics.org/eml-2.1.1"
             xmlns:dc="http://purl.org/dc/terms/"
             xmlns:xsi="http://www.w3.org/2001/XMLSchema-instance"
             xsi:schemaLocation="eml://ecoinformatics.org/eml-2.1.1 http://rs.gbif.org/schema/eml-gbif-profile/1.2/eml.xsd"
             packageId="https://sweetgum.nybg.org:8443/ipt/resource?id=nybg-algae/v1.55" system="http://gbif.org" scope="system"
    xml:lang="eng">

        <dataset>
                <alternateIdentifier>https://sweetgum.nybg.org:8443/ipt/resource?r=nybg-algae</alternateIdentifier>
                <title xml:lang="eng">The New York Botanical Garden Herbarium (NY) - Algae</title>
                    <creator>
            <individualName>
                    <givenName>Kimberly</givenName>
                <surName>Watson</surName>
            </individualName>
            <organizationName>The New York Botanical Garden</organizationName>
            <positionName>Director of Biodiversity Information Management</positionName>
            <address>
                    <deliveryPoint>2900 Southern Blvd.</deliveryPoint>
                    <city>Bronx</city>
                    <administrativeArea>New York</administrativeArea>
                    <postalCode>10458</postalCode>
                    <country>US</country>
            </address>
            <electronicMailAddress>kwatson@nybg.org</electronicMailAddress>
                    </creator>
                    <metadataProvider>
            <individualName>
                    <givenName>Kimberly</givenName>
                <surName>Watson</surName>
            </individualName>
            <organizationName>The New York Botanical Garden</organizationName>
            <positionName>Director of Biodiversity Information Management</positionName>
            <address>
                    <deliveryPoint>2900 Southern Blvd.</deliveryPoint>
                    <city>Bronx</city>
                    <administrativeArea>New York</administrativeArea>
                    <postalCode>10458</postalCode>
                    <country>US</country>
            </address>
            <electronicMailAddress>kwatson@nybg.org</electronicMailAddress>
                    </metadataProvider>
                    <associatedParty>
            <individualName>
                    <givenName>Melissa</givenName>
                <surName>Tulig</surName>
            </individualName>
            <electronicMailAddress>mtulig@nybg.org</electronicMailAddress>
            <role>user</role>
                    </associatedParty>
            <pubDate>
                    2023-11-15
            </pubDate>
            <language>eng</language>
                <abstract>
                            <para>This resource contains the digitized algae specimens held in the William and Lynda Steere Herbarium (NY) of The New York Botanical Garden.</para>
                </abstract>
                        <keywordSet>
                                    <keyword>Occurrence</keyword>
                            <keywordThesaurus>GBIF Dataset Type Vocabulary: http://rs.gbif.org/vocabulary/gbif/dataset_type.xml</keywordThesaurus>
                        </keywordSet>
                        <keywordSet>
                                    <keyword>Specimen</keyword>
                            <keywordThesaurus>GBIF Dataset Subtype Vocabulary: http://rs.gbif.org/vocabulary/gbif/dataset_subtype.xml</keywordThesaurus>
                        </keywordSet>
                        <keywordSet>
                                    <keyword>Occurrence</keyword>
                            <keywordThesaurus>GBIF Dataset Type Vocabulary: http://rs.gbif.org/vocabulary/gbif/dataset_type_2015-07-10.xml</keywordThesaurus>
                        </keywordSet>
                <intellectualRights>
                    <para>To the extent possible under law, the publisher has waived all rights to these data and has dedicated them to the <ulink url="http://creativecommons.org/publicdomain/zero/1.0/legalcode"><citetitle>Public Domain (CC0 1.0)</citetitle></ulink>. Users may copy, modify, distribute and use the work, including for commercial purposes, without restriction.</para>
                </intellectualRights>
                <maintenance>
                    <description>
                        <para></para>
                    </description>
                    <maintenanceUpdateFrequency>monthly</maintenanceUpdateFrequency>
                </maintenance>

                    <contact>
            <individualName>
                    <givenName>Kimberly</givenName>
                <surName>Watson</surName>
            </individualName>
            <organizationName>The New York Botanical Garden</organizationName>
            <positionName>Director of Biodiversity Information Management</positionName>
            <address>
                    <deliveryPoint>2900 Southern Blvd.</deliveryPoint>
                    <city>Bronx</city>
                    <administrativeArea>New York</administrativeArea>
                    <postalCode>10458</postalCode>
                    <country>US</country>
            </address>
            <electronicMailAddress>kwatson@nybg.org</electronicMailAddress>
                    </contact>
        </dataset>
            <additionalMetadata>
                <metadata>
                    <gbif>
                            <dateStamp>2019-10-21T02:40:32.536-04:00</dateStamp>
                            <hierarchyLevel>dataset</hierarchyLevel>
                            <resourceLogoUrl>https://www.nybg.org/content/themes/nybg/build/images/logo.png</resourceLogoUrl>
                            <dc:replaces>https://sweetgum.nybg.org:8443/ipt/resource?id=nybg-algae/v1.55.xml</dc:replaces>
                    </gbif>
                </metadata>
            </additionalMetadata>
    </eml:eml>
